{"cameraMode":{"drawMode":0,"name":"Shaded","section":"Shading Mode"},"sceneLighting":false,"audioPlay":false,"sceneViewState":{"m_AlwaysRefresh":false,"showFog":true,"showSkybox":false,"showFlares":true,"showImageEffects":true,"showParticleSystems":true,"showVisualEffectGraphs":true,"m_FxEnabled":true},"in2DMode":false,"pivot":{"x":1.1142661571502686,"y":240.62393188476563,"z":-0.49415773153305056},"rotation":{"x":0.07347345352172852,"y":-0.21519017219543458,"z":0.016214294359087945,"w":0.9737043976783752},"size":3.068068742752075,"orthographic":false}